rank,class_path,nsmells,loc,selected
1,openjpa-examples/openbooks/src/main/java/openbook/tools/parser/JavaParser.java,9290,20153,false
2,openjpa-jdbc/src/main/java/org/apache/openjpa/jdbc/sql/DBDictionary.java,1951,6121,false
3,openjpa-kernel/src/main/java/org/apache/openjpa/kernel/BrokerImpl.java,1576,5510,true
4,openjpa-kernel/src/main/java/org/apache/openjpa/enhance/PCEnhancer.java,1334,5808,false
5,openjpa-jdbc/src/main/java/org/apache/openjpa/jdbc/sql/SelectImpl.java,1318,3626,false
6,openjpa-examples/openbooks/src/main/java/openbook/tools/parser/JavaLexer.java,1158,4777,false
7,openjpa-kernel/src/main/java/org/apache/openjpa/kernel/StateManagerImpl.java,1094,3706,false
8,openjpa-persistence/src/main/java/org/apache/openjpa/persistence/criteria/Expressions.java,987,2097,false
9,openjpa-kernel/src/main/java/org/apache/openjpa/kernel/jpql/JPQLExpressionBuilder.java,928,2590,false
10,openjpa-lib/src/main/java/org/apache/openjpa/lib/jdbc/LoggingConnectionDecorator.java,870,2514,false
11,openjpa-kernel/src/main/java/org/apache/openjpa/meta/ClassMetaData.java,785,2869,false
12,openjpa-kernel/src/main/java/org/apache/openjpa/meta/MetaDataRepository.java,726,2587,false
13,openjpa-kernel/src/main/java/org/apache/openjpa/kernel/QueryImpl.java,694,2447,false
14,openjpa-persistence/src/main/java/org/apache/openjpa/persistence/XMLPersistenceMetaDataParser.java,652,3000,false
15,openjpa-kernel/src/main/java/org/apache/openjpa/meta/FieldMetaData.java,648,2588,false
16,openjpa-persistence-jdbc/src/main/java/org/apache/openjpa/persistence/jdbc/AnnotationPersistenceMappingParser.java,639,2264,false
17,openjpa-jdbc/src/main/java/org/apache/openjpa/jdbc/kernel/JDBCStoreManager.java,632,1989,false
18,openjpa-jdbc/src/main/java/org/apache/openjpa/jdbc/meta/ReverseMappingTool.java,621,2321,false
19,openjpa-persistence/src/main/java/org/apache/openjpa/persistence/AnnotationPersistenceMetaDataParser.java,614,2242,false
20,openjpa-lib/src/main/java/org/apache/openjpa/lib/jdbc/DelegatingCallableStatement.java,607,1263,false
21,openjpa-kernel/src/main/java/org/apache/openjpa/util/ProxyManagerImpl.java,575,2044,false
22,openjpa-kernel/src/main/java/org/apache/openjpa/kernel/Filters.java,568,1141,false
23,openjpa-jdbc/src/main/java/org/apache/openjpa/jdbc/kernel/JDBCStoreQuery.java,565,1142,false
24,openjpa-jdbc/src/main/java/org/apache/openjpa/jdbc/meta/MappingRepository.java,557,1623,false
25,openjpa-jdbc/src/main/java/org/apache/openjpa/jdbc/sql/OracleDictionary.java,556,1616,false
26,openjpa-persistence/src/main/java/org/apache/openjpa/persistence/AnnotationPersistenceMetaDataSerializer.java,541,1569,false
27,openjpa-jdbc/src/main/java/org/apache/openjpa/jdbc/kernel/exps/PCPath.java,538,1207,false
28,openjpa-jdbc/src/main/java/org/apache/openjpa/jdbc/meta/MappingInfo.java,536,1926,false
29,openjpa-persistence/src/main/java/org/apache/openjpa/persistence/EntityManagerImpl.java,531,2249,false
30,openjpa-jdbc/src/main/java/org/apache/openjpa/jdbc/meta/strats/EmbedFieldStrategy.java,510,1973,false
31,openjpa-persistence-jdbc/src/main/java/org/apache/openjpa/persistence/jdbc/XMLPersistenceMappingParser.java,510,1856,false
32,openjpa-persistence/src/main/java/org/apache/openjpa/persistence/criteria/CriteriaBuilderImpl.java,470,1046,false
33,openjpa-lib/src/main/java/org/apache/openjpa/lib/jdbc/DelegatingResultSet.java,459,1088,false
34,openjpa-jdbc/src/main/java/org/apache/openjpa/jdbc/meta/FieldMapping.java,456,1455,false
35,openjpa-persistence/src/main/java/org/apache/openjpa/persistence/XMLPersistenceMetaDataSerializer.java,452,1538,false
36,openjpa-jdbc/src/main/java/org/apache/openjpa/jdbc/meta/strats/RelationFieldStrategy.java,449,1146,false
37,openjpa-jdbc/src/main/java/org/apache/openjpa/jdbc/schema/SchemaTool.java,429,1735,false
38,openjpa-kernel/src/main/java/org/apache/openjpa/kernel/exps/InMemoryExpressionFactory.java,395,938,false
39,openjpa-kernel/src/main/java/org/apache/openjpa/enhance/Reflection.java,384,1005,false
40,openjpa-jdbc/src/main/java/org/apache/openjpa/jdbc/sql/RowImpl.java,374,1085,false
41,openjpa-kernel/src/main/java/org/apache/openjpa/kernel/FetchConfigurationImpl.java,362,1176,false
42,openjpa-jdbc/src/main/java/org/apache/openjpa/jdbc/sql/PostgresDictionary.java,360,1134,false
43,openjpa-kernel/src/main/java/org/apache/openjpa/kernel/DelegatingBroker.java,354,1674,false
44,openjpa-jdbc/src/main/java/org/apache/openjpa/jdbc/schema/ForeignKey.java,345,1029,false
45,openjpa-jdbc/src/main/java/org/apache/openjpa/jdbc/sql/LogicalUnion.java,343,1177,false
46,openjpa-jdbc/src/main/java/org/apache/openjpa/jdbc/meta/ClassMapping.java,336,1176,false
47,openjpa-jdbc/src/main/java/org/apache/openjpa/jdbc/sql/AbstractResult.java,336,1080,false
48,openjpa-lib/src/main/java/org/apache/openjpa/lib/util/concurrent/ConcurrentReferenceHashMap.java,322,1152,false
49,openjpa-kernel/src/main/java/org/apache/openjpa/meta/AbstractCFMetaDataFactory.java,321,1124,false
50,openjpa-persistence/src/main/java/org/apache/openjpa/persistence/util/SourceCode.java,317,1106,false
51,openjpa-persistence/src/main/java/org/apache/openjpa/persistence/PersistenceProductDerivation.java,315,1033,false
52,openjpa-jdbc/src/main/java/org/apache/openjpa/jdbc/schema/SchemaGenerator.java,313,1085,false
53,openjpa-lib/src/main/java/org/apache/openjpa/lib/util/concurrent/ConcurrentHashMap.java,308,985,false
54,openjpa-persistence/src/main/java/org/apache/openjpa/persistence/PersistenceMetaDataDefaults.java,304,997,false
55,openjpa-kernel/src/main/java/org/apache/openjpa/enhance/PCDataGenerator.java,301,1309,false
56,openjpa-kernel/src/main/java/org/apache/openjpa/conf/OpenJPAConfigurationImpl.java,299,2301,false
57,openjpa-kernel/src/main/java/org/apache/openjpa/kernel/ExpressionStoreQuery.java,297,910,false
58,openjpa-jdbc/src/main/java/org/apache/openjpa/jdbc/sql/DB2Dictionary.java,296,1282,false
59,openjpa-jdbc/src/main/java/org/apache/openjpa/jdbc/kernel/exps/JDBCExpressionFactory.java,288,703,false
60,openjpa-persistence/src/main/java/org/apache/openjpa/persistence/meta/AbstractManagedType.java,287,1121,false
61,openjpa-jdbc/src/main/java/org/apache/openjpa/jdbc/schema/Table.java,283,981,false
62,openjpa-kernel/src/main/java/org/apache/openjpa/kernel/DetachManager.java,283,890,false
63,openjpa-persistence-jdbc/src/main/java/org/apache/openjpa/persistence/jdbc/AnnotationPersistenceMappingSerializer.java,283,813,false
64,openjpa-jdbc/src/main/java/org/apache/openjpa/jdbc/meta/MappingTool.java,282,1231,false
65,openjpa-kernel/src/main/java/org/apache/openjpa/kernel/SingleFieldManager.java,282,928,false
66,openjpa-lib/src/main/java/org/apache/openjpa/lib/jdbc/DelegatingPreparedStatement.java,280,674,false
67,openjpa-lib/src/main/java/org/apache/openjpa/lib/conf/Configurations.java,278,773,false
68,openjpa-lib/src/main/java/org/apache/openjpa/lib/conf/ConfigurationImpl.java,275,1171,false
69,openjpa-kernel/src/main/java/org/apache/openjpa/enhance/ApplicationIdTool.java,274,1487,false
70,openjpa-jdbc/src/main/java/org/apache/openjpa/jdbc/meta/MappingDefaultsImpl.java,272,981,false
71,openjpa-kernel/src/main/java/org/apache/openjpa/util/ApplicationIds.java,259,732,false
72,openjpa-persistence-jdbc/src/main/java/org/apache/openjpa/persistence/jdbc/XMLPersistenceMappingSerializer.java,259,767,false
73,openjpa-kernel/src/main/java/org/apache/openjpa/datacache/DataCacheStoreManager.java,257,861,false
74,openjpa-jdbc/src/main/java/org/apache/openjpa/jdbc/kernel/TableJDBCSeq.java,254,999,false
75,openjpa-jdbc/src/main/java/org/apache/openjpa/jdbc/identifier/DBIdentifier.java,252,941,false
76,openjpa-kernel/src/main/java/org/apache/openjpa/datacache/QueryCacheStoreQuery.java,243,799,false
77,openjpa-kernel/src/main/java/org/apache/openjpa/kernel/AttachStrategy.java,241,587,false
78,openjpa-kernel/src/main/java/org/apache/openjpa/kernel/DetachedStateManager.java,238,1126,false
79,openjpa-slice/src/main/java/org/apache/openjpa/slice/jdbc/DistributedJDBCStoreManager.java,238,600,false
80,openjpa-kernel/src/main/java/org/apache/openjpa/event/LifecycleEventManager.java,237,656,false
81,openjpa-persistence/src/main/java/org/apache/openjpa/persistence/meta/SourceAnnotationHandler.java,237,768,false
82,openjpa-persistence/src/main/java/org/apache/openjpa/persistence/criteria/Joins.java,235,778,false
83,openjpa-jdbc/src/main/java/org/apache/openjpa/jdbc/schema/Column.java,230,1040,false
84,openjpa-kernel/src/main/java/org/apache/openjpa/meta/JavaTypes.java,229,544,false
85,openjpa-jdbc/src/main/java/org/apache/openjpa/jdbc/schema/XMLSchemaParser.java,221,627,false
86,openjpa-lib/src/main/java/org/apache/openjpa/lib/meta/ClassArgParser.java,217,641,false
87,openjpa-lib/src/main/java/org/apache/openjpa/lib/identifier/IdentifierUtilImpl.java,216,635,false
88,openjpa-jdbc/src/main/java/org/apache/openjpa/jdbc/meta/strats/StoreCollectionFieldStrategy.java,215,663,false
89,openjpa-examples/openbooks/src/main/java/openbook/client/Demo.java,209,729,false
90,openjpa-kernel/src/main/java/org/apache/openjpa/kernel/AbstractBrokerFactory.java,208,920,false
91,openjpa-jdbc/src/main/java/org/apache/openjpa/jdbc/meta/strats/RelationRelationMapTableFieldStrategy.java,207,583,false
92,openjpa-persistence/src/main/java/org/apache/openjpa/persistence/criteria/CriteriaQueryImpl.java,207,798,false
93,openjpa-jdbc/src/main/java/org/apache/openjpa/jdbc/kernel/exps/SelectConstructor.java,202,435,false
94,openjpa-lib/src/main/java/org/apache/openjpa/lib/util/Options.java,202,649,false
95,openjpa-kernel/src/main/java/org/apache/openjpa/util/asm/AsmHelper.java,201,695,false
96,openjpa-xmlstore/src/main/java/org/apache/openjpa/xmlstore/XMLFileHandler.java,199,661,false
97,openjpa-jdbc/src/main/java/org/apache/openjpa/jdbc/sql/SQLBuffer.java,198,698,false
98,openjpa-jdbc/src/main/java/org/apache/openjpa/jdbc/schema/SchemaGroup.java,197,603,false
99,openjpa-slice/src/main/java/org/apache/openjpa/slice/jdbc/DistributedJDBCConfigurationImpl.java,191,700,false
100,openjpa-jdbc/src/main/java/org/apache/openjpa/jdbc/kernel/MappedQueryResultObjectProvider.java,190,542,false
101,openjpa-kernel/src/main/java/org/apache/openjpa/kernel/AbstractPCData.java,189,426,false
102,openjpa-lib/src/main/java/org/apache/openjpa/lib/util/FormatPreservingProperties.java,186,726,false
103,openjpa-jdbc/src/main/java/org/apache/openjpa/jdbc/meta/ValueMappingImpl.java,185,624,false
104,openjpa-jdbc/src/main/java/org/apache/openjpa/jdbc/sql/PrimaryRow.java,181,500,false
105,openjpa-kernel/src/main/java/org/apache/openjpa/datacache/AbstractDataCache.java,177,589,false
106,openjpa-jdbc/src/main/java/org/apache/openjpa/jdbc/kernel/AbstractUpdateManager.java,176,449,false
107,openjpa-jdbc/src/main/java/org/apache/openjpa/jdbc/meta/strats/HandlerRelationMapTableFieldStrategy.java,174,497,false
108,openjpa-lib/src/main/java/org/apache/openjpa/lib/meta/XMLMetaDataParser.java,174,780,false
109,openjpa-jdbc/src/main/java/org/apache/openjpa/jdbc/meta/strats/RelationToManyInverseKeyFieldStrategy.java,173,403,false
110,openjpa-kernel/src/main/java/org/apache/openjpa/kernel/exps/AbstractExpressionBuilder.java,171,610,false
111,openjpa-jdbc/src/main/java/org/apache/openjpa/jdbc/meta/strats/HandlerFieldStrategy.java,169,466,false
112,openjpa-persistence/src/main/java/org/apache/openjpa/persistence/criteria/CriteriaExpressionBuilder.java,169,378,false
113,openjpa-persistence/src/main/java/org/apache/openjpa/persistence/PersistenceMetaDataFactory.java,168,640,false
114,openjpa-jdbc/src/main/java/org/apache/openjpa/jdbc/kernel/PreparedQueryImpl.java,166,457,false
115,openjpa-jdbc/src/main/java/org/apache/openjpa/jdbc/meta/ClassMappingInfo.java,165,680,false
116,openjpa-kernel/src/main/java/org/apache/openjpa/datacache/QueryKey.java,165,482,false
117,openjpa-jdbc/src/main/java/org/apache/openjpa/jdbc/identifier/DBIdentifierUtilImpl.java,163,503,false
118,openjpa-jdbc/src/main/java/org/apache/openjpa/jdbc/meta/QueryResultMapping.java,163,659,false
119,openjpa-kernel/src/main/java/org/apache/openjpa/enhance/DynamicStorageGenerator.java,163,610,false
120,openjpa-kernel/src/main/java/org/apache/openjpa/kernel/VersionAttachStrategy.java,163,430,false
121,openjpa-kernel/src/main/java/org/apache/openjpa/meta/ValueMetaDataImpl.java,161,565,false
122,openjpa-jdbc/src/main/java/org/apache/openjpa/jdbc/sql/MergedResult.java,160,678,false
123,openjpa-jdbc/src/main/java/org/apache/openjpa/jdbc/sql/SolidDBDictionary.java,159,543,false
124,openjpa-jest/src/main/java/org/apache/openjpa/persistence/jest/XMLFormatter.java,159,535,false
125,openjpa-kernel/src/main/java/org/apache/openjpa/datacache/AbstractQueryCache.java,158,685,false
126,openjpa-persistence/src/main/java/org/apache/openjpa/persistence/QueryImpl.java,158,691,false
127,openjpa-jdbc/src/main/java/org/apache/openjpa/jdbc/schema/Schemas.java,156,243,false
128,openjpa-kernel/src/main/java/org/apache/openjpa/kernel/ObjectIdStateManager.java,156,889,false
129,openjpa-examples/openbooks/src/main/java/openbook/server/OpenBookServiceImpl.java,155,439,false
130,openjpa-jdbc/src/main/java/org/apache/openjpa/jdbc/schema/XMLSchemaSerializer.java,154,469,false
131,openjpa-kernel/src/main/java/org/apache/openjpa/util/proxy/ProxyCollections.java,154,636,false
132,openjpa-jdbc/src/main/java/org/apache/openjpa/jdbc/sql/ResultSetResult.java,153,607,false
133,openjpa-jdbc/src/main/java/org/apache/openjpa/jdbc/conf/JDBCConfigurationImpl.java,152,1076,false
134,openjpa-jdbc/src/main/java/org/apache/openjpa/jdbc/sql/MySQLDictionary.java,151,540,false
135,openjpa-persistence/src/main/java/org/apache/openjpa/persistence/AbstractQuery.java,151,674,false
136,openjpa-jdbc/src/main/java/org/apache/openjpa/jdbc/kernel/PreparedQueryCacheImpl.java,150,500,false
137,openjpa-jdbc/src/main/java/org/apache/openjpa/jdbc/sql/SQLServerDictionary.java,150,470,false
138,openjpa-lib/src/main/java/org/apache/openjpa/lib/jdbc/DelegatingConnection.java,150,607,false
139,openjpa-slice/src/main/java/org/apache/openjpa/slice/jdbc/DistributedPreparedStatement.java,150,397,false
140,openjpa-jdbc/src/main/java/org/apache/openjpa/jdbc/sql/MariaDBDictionary.java,149,551,false
141,openjpa-jdbc/src/main/java/org/apache/openjpa/jdbc/kernel/ConstraintUpdateManager.java,148,560,false
142,openjpa-jdbc/src/main/java/org/apache/openjpa/jdbc/meta/ValueMappingInfo.java,148,401,false
143,openjpa-jdbc/src/main/java/org/apache/openjpa/jdbc/sql/JoinSet.java,146,415,false
144,openjpa-kernel/src/main/java/org/apache/openjpa/kernel/InverseManager.java,146,424,false
145,openjpa-jdbc/src/main/java/org/apache/openjpa/jdbc/meta/strats/ColumnVersionStrategy.java,143,380,false
146,openjpa-kernel/src/main/java/org/apache/openjpa/event/TCPRemoteCommitProvider.java,143,957,false
147,openjpa-examples/openbooks/src/main/java/openbook/util/PropertyHelper.java,141,306,false
148,openjpa-persistence/src/main/java/org/apache/openjpa/persistence/PersistenceUnitInfoImpl.java,141,617,false
149,openjpa-persistence/src/main/java/org/apache/openjpa/persistence/OpenJPAPersistenceUtil.java,139,327,false
150,openjpa-jdbc/src/main/java/org/apache/openjpa/jdbc/kernel/PagingResultObjectProvider.java,138,467,false
151,openjpa-jdbc/src/main/java/org/apache/openjpa/jdbc/meta/FieldMappingInfo.java,138,469,false
152,openjpa-kernel/src/main/java/org/apache/openjpa/enhance/RedefinitionHelper.java,137,238,false
153,openjpa-persistence/src/main/java/org/apache/openjpa/persistence/meta/MetamodelImpl.java,136,458,false
154,openjpa-persistence/src/main/java/org/apache/openjpa/persistence/query/ExpressionImpl.java,134,569,false
155,openjpa-lib/src/main/java/org/apache/openjpa/lib/conf/ProductDerivations.java,132,510,false
156,openjpa-jdbc/src/main/java/org/apache/openjpa/jdbc/kernel/SQLStoreQuery.java,131,427,false
157,openjpa-jdbc/src/main/java/org/apache/openjpa/jdbc/sql/DBDictionaryFactory.java,131,674,false
158,openjpa-kernel/src/main/java/org/apache/openjpa/conf/Compatibility.java,131,780,false
159,openjpa-kernel/src/main/java/org/apache/openjpa/kernel/AttachManager.java,130,369,false
160,openjpa-jdbc/src/main/java/org/apache/openjpa/jdbc/meta/strats/PrimitiveFieldStrategy.java,129,439,false
161,openjpa-jdbc/src/main/java/org/apache/openjpa/jdbc/kernel/JDBCFetchConfigurationImpl.java,126,487,false
162,openjpa-jdbc/src/main/java/org/apache/openjpa/jdbc/meta/strats/LRSProxyMap.java,126,441,false
163,openjpa-kernel/src/main/java/org/apache/openjpa/kernel/DelegatingQuery.java,126,742,false
164,openjpa-kernel/src/main/java/org/apache/openjpa/meta/ProxySetupStateManager.java,126,348,false
165,openjpa-kernel/src/main/java/org/apache/openjpa/util/AbstractLRSProxyMap.java,126,564,false
166,openjpa-jdbc/src/main/java/org/apache/openjpa/jdbc/meta/strats/EmbedValueHandler.java,125,323,false
167,openjpa-lib/src/main/java/org/apache/openjpa/lib/util/collections/TreeBidiMap.java,125,2253,false
168,openjpa-slice/src/main/java/org/apache/openjpa/slice/jdbc/DistributedStoreQuery.java,125,292,false
169,openjpa-jdbc/src/main/java/org/apache/openjpa/jdbc/meta/strats/HandlerCollectionTableFieldStrategy.java,124,331,false
170,openjpa-jdbc/src/main/java/org/apache/openjpa/jdbc/meta/strats/HandlerStrategies.java,124,279,false
171,openjpa-kernel/src/main/java/org/apache/openjpa/meta/Extensions.java,124,475,false
172,openjpa-lib/src/main/java/org/apache/openjpa/lib/util/collections/AbstractHashedMap.java,124,1393,false
173,openjpa-persistence/src/main/java/org/apache/openjpa/persistence/query/QueryDefinitionImpl.java,124,487,false
174,openjpa-persistence/src/main/java/org/apache/openjpa/persistence/JPAFacadeHelper.java,123,346,false
175,openjpa-xmlstore/src/main/java/org/apache/openjpa/xmlstore/ObjectData.java,123,390,false
176,openjpa-kernel/src/main/java/org/apache/openjpa/datacache/DelegatingDataCache.java,122,425,false
177,openjpa-kernel/src/main/java/org/apache/openjpa/kernel/PCDataImpl.java,122,362,false
178,openjpa-lib/src/main/java/org/apache/openjpa/lib/jdbc/DelegatingDatabaseMetaData.java,122,1015,false
179,openjpa-lib/src/main/java/org/apache/openjpa/lib/jdbc/JDBCEventConnectionDecorator.java,122,519,false
180,openjpa-lib/src/main/java/org/apache/openjpa/lib/util/Files.java,122,327,false
181,openjpa-slice/src/main/java/org/apache/openjpa/slice/jdbc/DistributedSQLStoreQuery.java,121,291,false
182,openjpa-jdbc/src/main/java/org/apache/openjpa/jdbc/kernel/exps/SubQ.java,120,278,false
183,openjpa-kernel/src/main/java/org/apache/openjpa/kernel/ResultPacker.java,120,395,false
184,openjpa-jdbc/src/main/java/org/apache/openjpa/jdbc/meta/Discriminator.java,119,458,false
185,openjpa-jdbc/src/main/java/org/apache/openjpa/jdbc/sql/HSQLDictionary.java,119,416,false
186,openjpa-kernel/src/main/java/org/apache/openjpa/enhance/ReflectingPersistenceCapable.java,118,422,false
187,openjpa-lib/src/main/java/org/apache/openjpa/lib/util/CodeFormat.java,118,602,false
188,openjpa-kernel/src/main/java/org/apache/openjpa/enhance/CodeGenerator.java,117,631,false
189,openjpa-persistence/src/main/java/org/apache/openjpa/persistence/FetchPlanImpl.java,117,501,false
190,openjpa-jdbc/src/main/java/org/apache/openjpa/jdbc/kernel/FinderCacheImpl.java,116,412,false
191,openjpa-jdbc/src/main/java/org/apache/openjpa/jdbc/schema/ColumnIO.java,116,314,false
192,openjpa-kernel/src/main/java/org/apache/openjpa/kernel/DelegatingFetchConfiguration.java,115,669,false
193,openjpa-examples/openbooks/src/main/java/openbook/client/BuyBookPage.java,114,471,false
194,openjpa-jdbc/src/main/java/org/apache/openjpa/jdbc/meta/strats/MapTableFieldStrategy.java,114,337,false
195,openjpa-jdbc/src/main/java/org/apache/openjpa/jdbc/meta/strats/RelationHandlerMapTableFieldStrategy.java,114,327,false
196,openjpa-jdbc/src/main/java/org/apache/openjpa/jdbc/meta/Version.java,113,411,false
197,openjpa-examples/openbooks/src/main/java/jpa/tools/swing/MetamodelHelper.java,112,275,false
198,openjpa-jdbc/src/main/java/org/apache/openjpa/jdbc/meta/strats/RelationToManyTableFieldStrategy.java,112,302,false
199,openjpa-kernel/src/main/java/org/apache/openjpa/meta/FetchGroup.java,111,392,false
200,openjpa-kernel/src/main/java/org/apache/openjpa/util/proxy/DelayedLinkedListProxy.java,111,723,false
201,openjpa-lib/src/main/java/org/apache/openjpa/lib/conf/Value.java,110,600,false
202,openjpa-slice/src/main/java/org/apache/openjpa/slice/jdbc/DistributedResultSet.java,109,1063,false
203,openjpa-jdbc/src/main/java/org/apache/openjpa/jdbc/schema/Schema.java,108,353,false
204,openjpa-jdbc/src/main/java/org/apache/openjpa/jdbc/schema/TableSchemaFactory.java,108,516,false
205,openjpa-kernel/src/main/java/org/apache/openjpa/util/proxy/DelayedVectorProxy.java,107,685,false
206,openjpa-persistence/src/main/java/org/apache/openjpa/persistence/EntityManagerFactoryImpl.java,107,505,false
207,openjpa-kernel/src/main/java/org/apache/openjpa/kernel/ManagedCache.java,106,308,false
208,openjpa-kernel/src/main/java/org/apache/openjpa/kernel/MethodStoreQuery.java,105,319,false
209,openjpa-persistence/src/main/java/org/apache/openjpa/persistence/meta/AnnotationProcessor6.java,104,441,false
210,openjpa-slice/src/main/java/org/apache/openjpa/slice/jdbc/DistributedConnection.java,104,403,false
211,openjpa-examples/openbooks/src/main/java/jpa/tools/swing/PathFinder.java,103,182,false
212,openjpa-jdbc/src/main/java/org/apache/openjpa/jdbc/sql/H2Dictionary.java,103,485,false
213,openjpa-kernel/src/main/java/org/apache/openjpa/util/ImplHelper.java,103,333,false
214,openjpa-slice/src/main/java/org/apache/openjpa/slice/jdbc/DistributedTemplate.java,103,351,false
215,openjpa-persistence/src/main/java/org/apache/openjpa/persistence/PersistenceProviderImpl.java,102,487,false
216,openjpa-jdbc/src/main/java/org/apache/openjpa/jdbc/kernel/PreparedStatementManagerImpl.java,101,316,false
217,openjpa-jdbc/src/main/java/org/apache/openjpa/jdbc/sql/FirebirdDictionary.java,100,501,false
218,openjpa-jdbc/src/main/java/org/apache/openjpa/jdbc/sql/InformixDictionary.java,100,467,false
219,openjpa-kernel/src/main/java/org/apache/openjpa/abstractstore/AbstractStoreManager.java,100,546,false
220,openjpa-kernel/src/main/java/org/apache/openjpa/util/CacheMap.java,100,687,false
221,openjpa-jdbc/src/main/java/org/apache/openjpa/jdbc/kernel/NativeJDBCSeq.java,99,481,false
222,openjpa-jdbc/src/main/java/org/apache/openjpa/jdbc/meta/strats/HandlerHandlerMapTableFieldStrategy.java,98,280,false
223,openjpa-kernel/src/main/java/org/apache/openjpa/kernel/DelegatingResultList.java,98,501,false
224,openjpa-persistence/src/main/java/org/apache/openjpa/persistence/PersistenceExceptions.java,98,344,false
225,openjpa-jdbc/src/main/java/org/apache/openjpa/jdbc/meta/strats/StringFieldStrategy.java,97,291,false
226,openjpa-kernel/src/main/java/org/apache/openjpa/util/Exceptions.java,97,290,false
227,openjpa-lib/src/main/java/org/apache/openjpa/lib/meta/CFMetaDataParser.java,97,372,false
228,openjpa-jdbc/src/main/java/org/apache/openjpa/jdbc/meta/strats/MaxEmbeddedLobFieldStrategy.java,96,281,false
229,openjpa-kernel/src/main/java/org/apache/openjpa/enhance/ManagedClassSubclasser.java,96,331,false
230,openjpa-examples/openbooks/src/main/java/jpa/tools/swing/EntityDataModel.java,95,250,false
231,openjpa-jdbc/src/main/java/org/apache/openjpa/jdbc/kernel/exps/SimpleCaseExpression.java,94,264,false
232,openjpa-jdbc/src/main/java/org/apache/openjpa/jdbc/sql/SybaseDictionary.java,94,498,false
233,openjpa-lib/src/main/java/org/apache/openjpa/lib/graph/DepthFirstAnalysis.java,94,346,false
234,openjpa-persistence-jdbc/src/main/java/org/apache/openjpa/persistence/jdbc/PersistenceMappingDefaults.java,94,260,false
235,openjpa-examples/opentrader/src/main/java/org/apache/openjpa/trader/service/Exchange.java,93,278,false
236,openjpa-jdbc/src/main/java/org/apache/openjpa/jdbc/schema/DataSourceFactory.java,92,330,false
237,openjpa-kernel/src/main/java/org/apache/openjpa/kernel/DetachedValueStateManager.java,92,726,false
238,openjpa-jdbc/src/main/java/org/apache/openjpa/jdbc/sql/RowManagerImpl.java,91,302,false
239,openjpa-lib/src/main/java/org/apache/openjpa/lib/util/StringUtil.java,91,457,false
240,openjpa-kernel/src/main/java/org/apache/openjpa/meta/AbstractMetaDataDefaults.java,90,428,false
241,openjpa-kernel/src/main/java/org/apache/openjpa/kernel/AuditManager.java,89,388,false
242,openjpa-lib/src/main/java/org/apache/openjpa/lib/meta/XMLMetaDataSerializer.java,89,361,false
243,openjpa-examples/opentrader/src/main/java/org/apache/openjpa/trader/client/ui/ScrollableTable.java,88,298,false
244,openjpa-examples/opentrader/src/main/java/org/apache/openjpa/trader/service/BufferedLog.java,88,241,false
245,openjpa-kernel/src/main/java/org/apache/openjpa/enhance/PCClassFileTransformer.java,88,294,false
246,openjpa-persistence/src/main/java/org/apache/openjpa/persistence/criteria/SubqueryImpl.java,87,407,false
247,openjpa-jdbc/src/main/java/org/apache/openjpa/jdbc/kernel/exps/Extension.java,86,244,false
248,openjpa-jest/src/main/java/org/apache/openjpa/persistence/jest/AbstractCommand.java,86,357,false
249,openjpa-kernel/src/main/java/org/apache/openjpa/util/proxy/DelayedTreeSetProxy.java,86,533,false
250,openjpa-lib/src/main/java/org/apache/openjpa/lib/util/collections/AbstractReferenceMap.java,86,1107,false
251,openjpa-persistence/src/main/java/org/apache/openjpa/persistence/criteria/FromImpl.java,86,336,false
252,openjpa-jdbc/src/main/java/org/apache/openjpa/jdbc/kernel/PessimisticLockManager.java,85,246,false
253,openjpa-jdbc/src/main/java/org/apache/openjpa/jdbc/kernel/exps/CollectionParam.java,85,213,false
254,openjpa-kernel/src/main/java/org/apache/openjpa/enhance/PCRegistry.java,85,286,false
255,openjpa-kernel/src/main/java/org/apache/openjpa/kernel/PCState.java,85,493,false
256,openjpa-kernel/src/main/java/org/apache/openjpa/util/AbstractLRSProxyCollection.java,85,459,false
257,openjpa-lib/src/main/java/org/apache/openjpa/lib/jdbc/DelegatingStatement.java,85,357,false
258,openjpa-kernel/src/main/java/org/apache/openjpa/meta/AccessCode.java,84,260,false
259,openjpa-persistence/src/main/java/org/apache/openjpa/persistence/StoredProcedureQueryImpl.java,84,422,false
260,openjpa-jdbc/src/main/java/org/apache/openjpa/jdbc/kernel/BatchingPreparedStatementManagerImpl.java,83,367,false
261,openjpa-jdbc/src/main/java/org/apache/openjpa/jdbc/meta/strats/StateComparisonVersionStrategy.java,83,350,false
262,openjpa-slice/src/main/java/org/apache/openjpa/slice/jdbc/UniqueResultObjectProvider.java,83,215,false
263,openjpa-examples/openbooks/src/main/java/openbook/tools/CommandProcessor.java,82,358,false
264,openjpa-kernel/src/main/java/org/apache/openjpa/kernel/FillStrategy.java,82,256,false
265,openjpa-kernel/src/main/java/org/apache/openjpa/meta/MetaDataTool.java,82,356,false
266,openjpa-kernel/src/main/java/org/apache/openjpa/util/proxy/DelayedArrayListProxy.java,82,486,false
267,openjpa-persistence/src/main/java/org/apache/openjpa/persistence/OpenJPAEntityManager.java,82,1198,false
268,openjpa-jdbc/src/main/java/org/apache/openjpa/jdbc/meta/strats/ElementEmbedValueHandler.java,81,207,false
269,openjpa-jdbc/src/main/java/org/apache/openjpa/jdbc/meta/strats/ObjectIdValueHandler.java,81,184,false
270,openjpa-kernel/src/main/java/org/apache/openjpa/kernel/ExtentImpl.java,81,378,false
271,openjpa-kernel/src/main/java/org/apache/openjpa/meta/InterfaceImplGenerator.java,81,244,false
272,openjpa-kernel/src/main/java/org/apache/openjpa/meta/SequenceMetaData.java,81,459,false
273,openjpa-jdbc/src/main/java/org/apache/openjpa/jdbc/kernel/exps/GeneralCaseExpression.java,80,230,false
274,openjpa-jdbc/src/main/java/org/apache/openjpa/jdbc/kernel/exps/InExpression.java,80,243,false
275,openjpa-jest/src/main/java/org/apache/openjpa/json/JSONObject.java,80,246,false
276,openjpa-jest/src/main/java/org/apache/openjpa/persistence/jest/JSONObject.java,80,246,false
277,openjpa-lib/src/main/java/org/apache/openjpa/lib/util/Localizer.java,79,312,false
278,openjpa-jdbc/src/main/java/org/apache/openjpa/jdbc/kernel/exps/Const.java,78,210,false
279,openjpa-lib/src/main/java/org/apache/openjpa/lib/log/MultiLogFactory.java,78,217,false
280,openjpa-persistence/src/main/java/org/apache/openjpa/persistence/AnnotationBuilder.java,77,200,false
281,openjpa-persistence/src/main/java/org/apache/openjpa/persistence/criteria/PathImpl.java,77,329,false
282,openjpa-persistence/src/main/java/org/apache/openjpa/persistence/criteria/PredicateImpl.java,77,235,false
283,openjpa-kernel/src/main/java/org/apache/openjpa/datacache/ClearableScheduler.java,76,273,false
284,openjpa-kernel/src/main/java/org/apache/openjpa/instrumentation/AbstractDataCacheInstrument.java,76,246,false
285,openjpa-xmlstore/src/main/java/org/apache/openjpa/xmlstore/XMLStoreManager.java,76,299,false
286,openjpa-jdbc/src/main/java/org/apache/openjpa/jdbc/meta/strats/RelationMapInverseKeyFieldStrategy.java,75,225,false
287,openjpa-kernel/src/main/java/org/apache/openjpa/util/proxy/DelayedPriorityQueueProxy.java,75,457,false
288,openjpa-kernel/src/main/java/org/apache/openjpa/util/proxy/ProxyMaps.java,75,353,false
289,openjpa-jdbc/src/main/java/org/apache/openjpa/jdbc/kernel/ClassTableJDBCSeq.java,74,276,false
290,openjpa-jdbc/src/main/java/org/apache/openjpa/jdbc/kernel/exps/GetMapValue.java,74,230,false
291,openjpa-jdbc/src/main/java/org/apache/openjpa/jdbc/meta/strats/RelationMapTableFieldStrategy.java,74,225,false
292,openjpa-lib/src/main/java/org/apache/openjpa/lib/util/TypedProperties.java,74,335,false
293,openjpa-persistence/src/main/java/org/apache/openjpa/persistence/validation/ValidatorImpl.java,74,394,false
294,openjpa-kernel/src/main/java/org/apache/openjpa/ee/AutomaticManagedRuntime.java,73,327,false
295,openjpa-jdbc/src/main/java/org/apache/openjpa/jdbc/identifier/QualifiedDBIdentifier.java,72,360,false
296,openjpa-jdbc/src/main/java/org/apache/openjpa/jdbc/meta/strats/RelationStrategies.java,71,252,false
297,openjpa-jdbc/src/main/java/org/apache/openjpa/jdbc/kernel/exps/CoalesceExpression.java,70,211,false
298,openjpa-jdbc/src/main/java/org/apache/openjpa/jdbc/schema/DBCPDriverDataSource.java,70,309,false
299,openjpa-kernel/src/main/java/org/apache/openjpa/instrumentation/AbstractQueryCacheInstrument.java,70,238,false
300,openjpa-kernel/src/main/java/org/apache/openjpa/kernel/ResultShape.java,70,391,false
301,openjpa-lib/src/main/java/org/apache/openjpa/lib/log/LogFactoryImpl.java,70,371,false
302,openjpa-lib/src/main/java/org/apache/openjpa/lib/util/StringDistance.java,69,196,false
303,openjpa-lib/src/main/java/org/apache/openjpa/lib/util/collections/AbstractDualBidiMap.java,69,824,false
304,openjpa-lib/src/main/java/org/apache/openjpa/lib/xml/DocTypeReader.java,69,286,false
305,openjpa-examples/openbooks/src/main/java/jpa/tools/swing/MetamodelView.java,68,143,false
306,openjpa-jdbc/src/main/java/org/apache/openjpa/jdbc/sql/StoredProcedure.java,68,339,false
307,openjpa-kernel/src/main/java/org/apache/openjpa/enhance/InstrumentationFactory.java,68,385,false
308,openjpa-persistence/src/main/java/org/apache/openjpa/persistence/OpenJPAPersistence.java,68,343,false
309,openjpa-examples/openbooks/src/main/java/jpa/tools/swing/ErrorDialog.java,67,237,false
310,openjpa-jdbc/src/main/java/org/apache/openjpa/jdbc/sql/SecondaryRow.java,67,196,false
311,openjpa-jest/src/main/java/org/apache/openjpa/persistence/jest/JSONObjectFormatter.java,67,303,false
312,openjpa-jdbc/src/main/java/org/apache/openjpa/jdbc/meta/strats/LobFieldStrategy.java,66,239,false
313,openjpa-kernel/src/main/java/org/apache/openjpa/datacache/DelegatingQueryCache.java,66,246,false
314,openjpa-kernel/src/main/java/org/apache/openjpa/util/proxy/DelayedHashSetProxy.java,66,396,false
315,openjpa-kernel/src/main/java/org/apache/openjpa/util/proxy/DelayedLinkedHashSetProxy.java,66,394,false
316,openjpa-persistence/src/main/java/org/apache/openjpa/persistence/query/AbstractDomainObject.java,66,386,false
317,openjpa-jdbc/src/main/java/org/apache/openjpa/jdbc/kernel/exps/Args.java,65,245,false
318,openjpa-jdbc/src/main/java/org/apache/openjpa/jdbc/kernel/exps/Trim.java,65,231,false
319,openjpa-jdbc/src/main/java/org/apache/openjpa/jdbc/meta/PropertiesReverseCustomizer.java,65,244,false
320,openjpa-jdbc/src/main/java/org/apache/openjpa/jdbc/schema/SimpleDriverDataSource.java,65,258,false
321,openjpa-examples/opentrader/src/main/java/org/apache/openjpa/trader/service/MockTradingService.java,64,179,false
322,openjpa-jdbc/src/main/java/org/apache/openjpa/jdbc/ant/ReverseMappingToolTask.java,64,324,false
323,openjpa-jdbc/src/main/java/org/apache/openjpa/jdbc/kernel/StoredProcedureQuery.java,64,217,false
324,openjpa-jdbc/src/main/java/org/apache/openjpa/jdbc/schema/DynamicSchemaFactory.java,64,258,false
325,openjpa-kernel/src/main/java/org/apache/openjpa/kernel/DelegatingStoreManager.java,64,241,false
326,openjpa-lib/src/main/java/org/apache/openjpa/lib/graph/Graph.java,64,187,false
327,openjpa-examples/opentrader/src/main/java/org/apache/openjpa/trader/client/TradeOrderWindow.java,63,316,false
328,openjpa-kernel/src/main/java/org/apache/openjpa/datacache/DataCachePCDataImpl.java,63,237,false
329,openjpa-kernel/src/main/java/org/apache/openjpa/event/JMSRemoteCommitProvider.java,63,291,false
330,openjpa-lib/src/main/java/org/apache/openjpa/lib/jdbc/SQLFormatter.java,63,274,false
331,openjpa-lib/src/main/java/org/apache/openjpa/lib/util/collections/AbstractLinkedMap.java,63,620,false
332,openjpa-examples/openbooks/src/main/java/jpa/tools/swing/PowerPointViewer.java,62,234,false
333,openjpa-jdbc/src/main/java/org/apache/openjpa/jdbc/kernel/exps/Param.java,62,178,false
334,openjpa-kernel/src/main/java/org/apache/openjpa/conf/MetaDataCacheMaintenance.java,62,210,false
335,openjpa-kernel/src/main/java/org/apache/openjpa/event/RemoteCommitEventManager.java,62,266,false
336,openjpa-kernel/src/main/java/org/apache/openjpa/meta/LifecycleMetaData.java,62,272,false
337,openjpa-persistence/src/main/java/org/apache/openjpa/persistence/JPAProperties.java,62,223,false
338,openjpa-examples/openbooks/src/main/java/jpa/tools/swing/SwingHelper.java,61,144,false
339,openjpa-jdbc/src/main/java/org/apache/openjpa/jdbc/kernel/exps/Aggregate.java,61,184,false
340,openjpa-jdbc/src/main/java/org/apache/openjpa/jdbc/kernel/exps/ConstPath.java,61,257,false
341,openjpa-jdbc/src/main/java/org/apache/openjpa/jdbc/kernel/exps/NotEqualTypeExpression.java,61,156,false
342,openjpa-jdbc/src/main/java/org/apache/openjpa/jdbc/schema/Constraint.java,61,280,false
343,openjpa-jest/src/main/java/org/apache/openjpa/persistence/jest/JESTContext.java,61,328,false
344,openjpa-kernel/src/main/java/org/apache/openjpa/kernel/SaveFieldManager.java,61,247,false
345,openjpa-lib/src/main/java/org/apache/openjpa/lib/log/SLF4JLogFactory.java,61,151,false
346,openjpa-jdbc/src/main/java/org/apache/openjpa/jdbc/schema/LocalConstraint.java,60,202,false
347,openjpa-jdbc/src/main/java/org/apache/openjpa/jdbc/sql/SQLExceptions.java,60,157,false
348,openjpa-kernel/src/main/java/org/apache/openjpa/conf/CacheMarshallerImpl.java,60,261,false
349,openjpa-kernel/src/main/java/org/apache/openjpa/datacache/DataCacheManagerImpl.java,60,238,false
350,openjpa-lib/src/main/java/org/apache/openjpa/lib/util/MultiClassLoader.java,60,293,false
351,openjpa-jdbc/src/main/java/org/apache/openjpa/jdbc/kernel/exps/MapKey.java,59,150,false
352,openjpa-jdbc/src/main/java/org/apache/openjpa/jdbc/kernel/exps/StartsWithExpression.java,59,327,false
353,openjpa-kernel/src/main/java/org/apache/openjpa/kernel/VersionLockManager.java,59,164,false
354,openjpa-jdbc/src/main/java/org/apache/openjpa/jdbc/kernel/FinderQueryImpl.java,58,196,false
355,openjpa-jdbc/src/main/java/org/apache/openjpa/jdbc/kernel/exps/EqualTypeExpression.java,58,146,false
356,openjpa-jdbc/src/main/java/org/apache/openjpa/jdbc/kernel/exps/GetObjectId.java,58,193,false
357,openjpa-jdbc/src/main/java/org/apache/openjpa/jdbc/kernel/exps/Math.java,58,185,false
358,openjpa-lib/src/main/java/org/apache/openjpa/lib/identifier/IdentifierRule.java,58,207,false
359,openjpa-jdbc/src/main/java/org/apache/openjpa/jdbc/kernel/exps/NullIfExpression.java,57,195,false
360,openjpa-jdbc/src/main/java/org/apache/openjpa/jdbc/kernel/exps/UnaryOp.java,57,208,false
361,openjpa-jest/src/main/java/org/apache/openjpa/persistence/jest/Constants.java,57,114,false
362,openjpa-jest/src/main/java/org/apache/openjpa/persistence/jest/MetamodelHelper.java,57,184,false
363,openjpa-kernel/src/main/java/org/apache/openjpa/kernel/OrderingMergedResultObjectProvider.java,57,112,false
364,openjpa-kernel/src/main/java/org/apache/openjpa/kernel/DetachedStateAttachStrategy.java,56,199,false
365,openjpa-lib/src/main/java/org/apache/openjpa/lib/rop/RandomAccessResultList.java,56,243,false
366,openjpa-examples/jest/src/main/java/demo/DataLoader.java,55,133,false
367,openjpa-jdbc/src/main/java/org/apache/openjpa/jdbc/kernel/PreparedSQLStoreQuery.java,55,172,false
368,openjpa-jdbc/src/main/java/org/apache/openjpa/jdbc/meta/strats/InValueDiscriminatorStrategy.java,55,188,false
369,openjpa-kernel/src/main/java/org/apache/openjpa/kernel/exps/CandidatePath.java,55,232,false
370,openjpa-kernel/src/main/java/org/apache/openjpa/meta/QueryMetaData.java,55,332,false
371,openjpa-lib/src/main/java/org/apache/openjpa/lib/util/Services.java,55,232,false
372,openjpa-examples/openbooks/src/main/java/openbook/tools/converter/SourceRenderer.java,54,190,false
373,openjpa-jdbc/src/main/java/org/apache/openjpa/jdbc/kernel/DelegatingJDBCFetchConfiguration.java,54,343,false
374,openjpa-jdbc/src/main/java/org/apache/openjpa/jdbc/kernel/exps/MapEntry.java,54,186,false
375,openjpa-jdbc/src/main/java/org/apache/openjpa/jdbc/kernel/exps/MatchesExpression.java,54,173,false
376,openjpa-examples/opentrader/src/main/java/org/apache/openjpa/trader/server/TradingServiceAdapterImpl.java,53,195,false
377,openjpa-jdbc/src/main/java/org/apache/openjpa/jdbc/kernel/JDBCBrokerFactory.java,53,256,false
378,openjpa-jdbc/src/main/java/org/apache/openjpa/jdbc/kernel/exps/Concat.java,53,177,false
379,openjpa-jdbc/src/main/java/org/apache/openjpa/jdbc/kernel/exps/IndexOf.java,53,173,false
380,openjpa-jdbc/src/main/java/org/apache/openjpa/jdbc/schema/LazySchemaFactory.java,53,225,false
381,openjpa-kernel/src/main/java/org/apache/openjpa/kernel/AbstractStoreQuery.java,53,276,false
382,openjpa-kernel/src/main/java/org/apache/openjpa/kernel/DelegatingBrokerFactory.java,53,262,false
383,openjpa-persistence/src/main/java/org/apache/openjpa/persistence/StoreCacheImpl.java,53,197,false
384,openjpa-jdbc/src/main/java/org/apache/openjpa/jdbc/identifier/Normalizer.java,52,283,false
385,openjpa-jdbc/src/main/java/org/apache/openjpa/jdbc/kernel/OperationOrderUpdateManager.java,52,225,false
386,openjpa-jdbc/src/main/java/org/apache/openjpa/jdbc/kernel/exps/ExtractDateTimeField.java,52,179,false
387,openjpa-jdbc/src/main/java/org/apache/openjpa/jdbc/kernel/exps/Lit.java,52,168,false
388,openjpa-jdbc/src/main/java/org/apache/openjpa/jdbc/meta/VersionMappingInfo.java,52,173,false
389,openjpa-kernel/src/main/java/org/apache/openjpa/datacache/CacheStatisticsImpl.java,52,249,false
390,openjpa-kernel/src/main/java/org/apache/openjpa/meta/InMemoryValueOrder.java,52,123,false
391,openjpa-persistence-jdbc/src/main/java/org/apache/openjpa/persistence/jdbc/JDBCFetchPlanImpl.java,52,374,false
392,openjpa-persistence/src/main/java/org/apache/openjpa/persistence/query/CaseExpressionImpl.java,52,234,false
393,openjpa-examples/opentrader/src/main/java/org/apache/openjpa/trader/client/OpenTrader.java,51,317,false
394,openjpa-jdbc/src/main/java/org/apache/openjpa/jdbc/ant/MappingToolTask.java,51,272,false
395,openjpa-jest/src/main/java/org/apache/openjpa/persistence/jest/TokenReplacedStream.java,51,188,false
396,openjpa-kernel/src/main/java/org/apache/openjpa/kernel/exps/Context.java,51,229,false
397,openjpa-lib/src/main/java/org/apache/openjpa/lib/rop/LazyForwardResultList.java,51,216,false
398,openjpa-jdbc/src/main/java/org/apache/openjpa/jdbc/meta/JavaSQLTypes.java,50,179,false
399,openjpa-kernel/src/main/java/org/apache/openjpa/instrumentation/AbstractPreparedQueryCacheInstrument.java,50,168,false
400,openjpa-lib/src/main/java/org/apache/openjpa/lib/util/Bytes.java,50,167,false
401,openjpa-persistence/src/main/java/org/apache/openjpa/persistence/HintValueConverter.java,50,197,false
402,openjpa-persistence/src/main/java/org/apache/openjpa/persistence/criteria/CompoundSelections.java,50,229,false
403,openjpa-examples/simple/src/main/java/relations/Main.java,49,175,false
404,openjpa-jdbc/src/main/java/org/apache/openjpa/jdbc/kernel/exps/EndsWithExpression.java,49,233,false
405,openjpa-jdbc/src/main/java/org/apache/openjpa/jdbc/kernel/exps/Substring.java,49,170,false
406,openjpa-jdbc/src/main/java/org/apache/openjpa/jdbc/meta/strats/LRSProxyCollection.java,49,243,false
407,openjpa-kernel/src/main/java/org/apache/openjpa/conf/OpenJPAConfiguration.java,49,2090,false
408,openjpa-kernel/src/main/java/org/apache/openjpa/kernel/QueryStatistics.java,49,440,false
409,openjpa-lib/src/main/java/org/apache/openjpa/lib/meta/FileMetaDataIterator.java,49,197,false
410,openjpa-jdbc/src/main/java/org/apache/openjpa/jdbc/sql/BooleanRepresentationFactory.java,48,221,false
411,openjpa-kernel/src/main/java/org/apache/openjpa/enhance/PCSubclassValidator.java,48,287,false
412,openjpa-kernel/src/main/java/org/apache/openjpa/meta/InheritanceComparator.java,48,102,false
413,openjpa-kernel/src/main/java/org/apache/openjpa/util/AbstractChangeTracker.java,48,243,false
414,openjpa-examples/openbooks/src/main/java/jpa/tools/swing/EntityTable.java,47,211,false
415,openjpa-examples/openbooks/src/main/java/jpa/tools/swing/Finder.java,47,135,false
416,openjpa-jdbc/src/main/java/org/apache/openjpa/jdbc/kernel/exps/InstanceofExpression.java,47,174,false
417,openjpa-jdbc/src/main/java/org/apache/openjpa/jdbc/meta/strats/ContainerFieldStrategy.java,47,147,false
418,openjpa-jdbc/src/main/java/org/apache/openjpa/jdbc/sql/IngresDictionary.java,47,318,false
419,openjpa-jdbc/src/main/java/org/apache/openjpa/jdbc/sql/SQLErrorCodeReader.java,47,154,false
420,openjpa-lib/src/main/java/org/apache/openjpa/lib/log/AbstractLog.java,47,155,false
421,openjpa-lib/src/main/java/org/apache/openjpa/lib/util/ParameterTemplate.java,47,259,false
422,openjpa-persistence/src/main/java/org/apache/openjpa/persistence/AnnotationPersistenceXMLMetaDataParser.java,47,272,false
423,openjpa-jdbc/src/main/java/org/apache/openjpa/jdbc/meta/strats/UntypedPCValueHandler.java,46,144,false
424,openjpa-jdbc/src/main/java/org/apache/openjpa/jdbc/schema/Sequence.java,46,274,false
425,openjpa-examples/openbooks/src/main/java/jpa/tools/swing/StatusBar.java,45,157,false
426,openjpa-examples/opentrader/src/main/java/org/apache/openjpa/trader/client/TradingWindow.java,45,256,false
427,openjpa-jdbc/src/main/java/org/apache/openjpa/jdbc/kernel/ValueTableJDBCSeq.java,45,215,false
428,openjpa-jdbc/src/main/java/org/apache/openjpa/jdbc/kernel/exps/ExtractDateTimePart.java,45,175,false
429,openjpa-jdbc/src/main/java/org/apache/openjpa/jdbc/meta/strats/ValueMapDiscriminatorStrategy.java,45,184,false
430,openjpa-kernel/src/main/java/org/apache/openjpa/util/Serialization.java,45,218,false
431,openjpa-lib/src/main/java/org/apache/openjpa/lib/instrumentation/AbstractInstrumentationProvider.java,45,194,false
432,openjpa-lib/src/main/java/org/apache/openjpa/lib/rop/MergedResultObjectProvider.java,45,238,false
433,openjpa-persistence/src/main/java/org/apache/openjpa/persistence/MixedLockLevelsHelper.java,45,124,false
434,openjpa-persistence/src/main/java/org/apache/openjpa/persistence/criteria/CompareByExample.java,45,128,false
435,openjpa-examples/openbooks/src/main/java/openbook/tools/converter/HTMLTokenRenderer.java,44,312,false
436,openjpa-persistence/src/main/java/org/apache/openjpa/persistence/HintHandler.java,44,265,false
437,openjpa-junit5/src/main/java/org/apache/openjpa/junit5/internal/OpenJPADirectoriesEnhancer.java,43,371,false
438,openjpa-kernel/src/main/java/org/apache/openjpa/kernel/Bootstrap.java,43,170,false
439,openjpa-kernel/src/main/java/org/apache/openjpa/kernel/DistinctResultList.java,43,239,false
440,openjpa-kernel/src/main/java/org/apache/openjpa/kernel/exps/SimpleCase.java,43,115,false
441,openjpa-lib/src/main/java/org/apache/openjpa/lib/rop/WindowResultList.java,43,179,false
442,openjpa-examples/openbooks/src/main/java/openbook/domain/Range.java,42,150,false
443,openjpa-jdbc/src/main/java/org/apache/openjpa/jdbc/kernel/AbstractJDBCSeq.java,42,229,false
444,openjpa-jdbc/src/main/java/org/apache/openjpa/jdbc/meta/strats/SubclassJoinDiscriminatorStrategy.java,42,179,false
445,openjpa-jdbc/src/main/java/org/apache/openjpa/jdbc/sql/FoxProDictionary.java,42,190,false
446,openjpa-jdbc/src/main/java/org/apache/openjpa/jdbc/sql/Join.java,42,218,false
447,openjpa-kernel/src/main/java/org/apache/openjpa/datacache/DataCachePCDataGenerator.java,42,325,false
448,openjpa-kernel/src/main/java/org/apache/openjpa/event/RemoteCommitEvent.java,42,201,false
449,openjpa-persistence/src/main/java/org/apache/openjpa/persistence/criteria/ParameterExpressionImpl.java,42,170,false
450,openjpa-jdbc/src/main/java/org/apache/openjpa/jdbc/meta/DelegatingJoinable.java,41,134,false
451,openjpa-jdbc/src/main/java/org/apache/openjpa/jdbc/meta/MappingDefaults.java,41,410,false
452,openjpa-kernel/src/main/java/org/apache/openjpa/kernel/SavepointFieldManager.java,41,248,false
453,openjpa-lib/src/main/java/org/apache/openjpa/lib/ant/AbstractTask.java,41,222,false
454,openjpa-lib/src/main/java/org/apache/openjpa/lib/graph/BreadthFirstWalk.java,41,134,false
455,openjpa-jdbc/src/main/java/org/apache/openjpa/jdbc/meta/strats/MaxEmbeddedCharArrayFieldStrategy.java,40,133,false
456,openjpa-jdbc/src/main/java/org/apache/openjpa/jdbc/meta/strats/RelationCollectionTableFieldStrategy.java,40,129,false
457,openjpa-jdbc/src/main/java/org/apache/openjpa/jdbc/meta/strats/VerticalClassStrategy.java,40,168,false
458,openjpa-kernel/src/main/java/org/apache/openjpa/event/MethodLifecycleCallbacks.java,40,165,false
459,openjpa-kernel/src/main/java/org/apache/openjpa/kernel/LocalManagedRuntime.java,40,230,false
460,openjpa-kernel/src/main/java/org/apache/openjpa/kernel/exps/QueryExpressions.java,40,200,false
461,openjpa-lib/src/main/java/org/apache/openjpa/lib/rop/AbstractNonSequentialResultList.java,40,211,false
462,openjpa-lib/src/main/java/org/apache/openjpa/lib/util/JavaVersions.java,40,128,false
463,openjpa-lib/src/main/java/org/apache/openjpa/lib/util/collections/LRUMap.java,40,530,false
464,openjpa-jdbc/src/main/java/org/apache/openjpa/jdbc/conf/MappingFactoryValue.java,39,174,false
465,openjpa-jdbc/src/main/java/org/apache/openjpa/jdbc/meta/strats/EnumValueHandler.java,39,123,false
466,openjpa-jdbc/src/main/java/org/apache/openjpa/jdbc/meta/strats/ImmutableValueHandler.java,39,134,false
467,openjpa-kernel/src/main/java/org/apache/openjpa/event/TransactionEventManager.java,39,133,false
468,openjpa-kernel/src/main/java/org/apache/openjpa/kernel/exps/Val.java,39,149,false
469,openjpa-lib/src/main/java/org/apache/openjpa/lib/jdbc/ConfiguringConnectionDecorator.java,39,177,false
470,openjpa-lib/src/main/java/org/apache/openjpa/lib/log/CommonsLogFactory.java,39,131,false
471,openjpa-lib/src/main/java/org/apache/openjpa/lib/meta/ClassMetaDataIterator.java,39,203,false
472,openjpa-lib/src/main/java/org/apache/openjpa/lib/util/TemporaryClassLoader.java,39,126,false
473,openjpa-jdbc/src/main/java/org/apache/openjpa/jdbc/meta/strats/AbstractFieldStrategy.java,38,214,false
474,openjpa-jdbc/src/main/java/org/apache/openjpa/jdbc/meta/strats/FullClassStrategy.java,38,152,false
475,openjpa-jdbc/src/main/java/org/apache/openjpa/jdbc/meta/strats/MaxEmbeddedBlobFieldStrategy.java,38,126,false
476,openjpa-jdbc/src/main/java/org/apache/openjpa/jdbc/meta/strats/XMLValueHandler.java,38,122,false
477,openjpa-jest/src/main/java/org/apache/openjpa/persistence/jest/Closure.java,38,108,false
478,openjpa-kernel/src/main/java/org/apache/openjpa/kernel/PNonTransState.java,38,140,false
479,openjpa-lib/src/main/java/org/apache/openjpa/lib/util/J2DoPrivHelper.java,38,1214,false
480,openjpa-persistence/src/main/java/org/apache/openjpa/persistence/meta/Members.java,38,386,false
481,openjpa-slice/src/main/java/org/apache/openjpa/slice/jdbc/DistributedDataSource.java,38,123,false
482,openjpa-jdbc/src/main/java/org/apache/openjpa/jdbc/kernel/exps/ConstGetObjectId.java,37,119,false
483,openjpa-kernel/src/main/java/org/apache/openjpa/kernel/StoreQuery.java,37,370,false
484,openjpa-lib/src/main/java/org/apache/openjpa/lib/meta/ZipFileMetaDataIterator.java,37,162,false
485,openjpa-lib/src/main/java/org/apache/openjpa/lib/util/ClassUtil.java,37,212,false
486,openjpa-slice/src/main/java/org/apache/openjpa/slice/DistributedBrokerImpl.java,37,181,false
487,openjpa-xmlstore/src/main/java/org/apache/openjpa/xmlstore/XMLStore.java,37,156,false
488,openjpa-jdbc/src/main/java/org/apache/openjpa/jdbc/kernel/exps/TypeLit.java,36,138,false
489,openjpa-jdbc/src/main/java/org/apache/openjpa/jdbc/meta/MetaDataPlusMappingFactory.java,36,167,false
490,openjpa-kernel/src/main/java/org/apache/openjpa/abstractstore/AbstractStoreBrokerFactory.java,36,152,false
491,openjpa-kernel/src/main/java/org/apache/openjpa/conf/Specification.java,36,164,false
492,openjpa-kernel/src/main/java/org/apache/openjpa/kernel/Broker.java,36,763,false
493,openjpa-kernel/src/main/java/org/apache/openjpa/util/Id.java,36,160,false
494,openjpa-lib/src/main/java/org/apache/openjpa/lib/conf/PluginListValue.java,36,218,false
495,openjpa-lib/src/main/java/org/apache/openjpa/lib/conf/PluginValue.java,36,198,false
496,openjpa-lib/src/main/java/org/apache/openjpa/lib/log/Log4J2LogFactory.java,36,127,false
497,openjpa-lib/src/main/java/org/apache/openjpa/lib/log/Log4JLogFactory.java,36,128,false
498,openjpa-lib/src/main/java/org/apache/openjpa/lib/meta/ZipStreamMetaDataIterator.java,36,158,false
499,openjpa-lib/src/main/java/org/apache/openjpa/lib/rop/AbstractSequentialResultList.java,36,129,false
500,openjpa-jdbc/src/main/java/org/apache/openjpa/jdbc/kernel/MixedLockManager.java,35,135,false
501,openjpa-jdbc/src/main/java/org/apache/openjpa/jdbc/meta/DiscriminatorMappingInfo.java,35,166,false
502,openjpa-kernel/src/main/java/org/apache/openjpa/meta/DelegatingMetaDataFactory.java,35,163,false
503,openjpa-kernel/src/main/java/org/apache/openjpa/util/OpenJPAException.java,35,212,false
504,openjpa-lib/src/main/java/org/apache/openjpa/lib/jdbc/DelegatingDataSource.java,35,177,false
505,openjpa-persistence/src/main/java/org/apache/openjpa/persistence/criteria/RootImpl.java,35,123,false
506,openjpa-jdbc/src/main/java/org/apache/openjpa/jdbc/kernel/exps/OrExpression.java,34,108,false
507,openjpa-jdbc/src/main/java/org/apache/openjpa/jdbc/kernel/exps/Type.java,34,116,false
508,openjpa-jdbc/src/main/java/org/apache/openjpa/jdbc/sql/EmpressDictionary.java,34,181,false
509,openjpa-kernel/src/main/java/org/apache/openjpa/kernel/exps/Coalesce.java,34,102,false
510,openjpa-lib/src/main/java/org/apache/openjpa/lib/graph/Edge.java,34,224,false
511,openjpa-lib/src/main/java/org/apache/openjpa/lib/meta/JarFileURLMetaDataIterator.java,34,198,false
512,openjpa-examples/openbooks/src/main/java/jpa/tools/swing/EntityTableView.java,33,142,false
513,openjpa-jdbc/src/main/java/org/apache/openjpa/jdbc/meta/NoneMappingDefaults.java,33,261,false
514,openjpa-jdbc/src/main/java/org/apache/openjpa/jdbc/meta/SequenceMapping.java,33,290,false
515,openjpa-jest/src/main/java/org/apache/openjpa/persistence/jest/JESTServlet.java,33,179,false
516,openjpa-kernel/src/main/java/org/apache/openjpa/datacache/PartitionedDataCache.java,33,190,false
517,openjpa-kernel/src/main/java/org/apache/openjpa/enhance/StateManager.java,33,286,false
518,openjpa-kernel/src/main/java/org/apache/openjpa/kernel/exps/NullIf.java,33,108,false
519,openjpa-kernel/src/main/java/org/apache/openjpa/util/Proxies.java,33,173,false
520,openjpa-examples/openbooks/src/main/java/openbook/util/Randomizer.java,32,110,false
521,openjpa-examples/opentrader/src/main/java/org/apache/openjpa/trader/client/ServerLogPanel.java,32,159,false
522,openjpa-jdbc/src/main/java/org/apache/openjpa/jdbc/kernel/exps/CompareEqualExpression.java,32,149,false
523,openjpa-jdbc/src/main/java/org/apache/openjpa/jdbc/kernel/exps/StringFunction.java,32,134,false
524,openjpa-jdbc/src/main/java/org/apache/openjpa/jdbc/meta/strats/EmbeddedClassStrategy.java,32,102,false
525,openjpa-kernel/src/main/java/org/apache/openjpa/conf/CacheMarshallersValue.java,32,121,false
526,openjpa-kernel/src/main/java/org/apache/openjpa/kernel/DetachManagerLite.java,32,123,false
527,openjpa-kernel/src/main/java/org/apache/openjpa/kernel/exps/ExtractDateTimePart.java,32,112,false
528,openjpa-kernel/src/main/java/org/apache/openjpa/kernel/exps/GeneralCase.java,32,102,false
529,openjpa-kernel/src/main/java/org/apache/openjpa/util/MapChangeTrackerImpl.java,32,140,false
530,openjpa-lib/src/main/java/org/apache/openjpa/lib/util/UUIDGenerator.java,32,282,false
531,openjpa-lib/src/main/java/org/apache/openjpa/lib/xml/XMLWriter.java,32,138,false
532,openjpa-persistence/src/main/java/org/apache/openjpa/persistence/PersistenceListenerAdapter.java,32,134,false
533,openjpa-persistence/src/main/java/org/apache/openjpa/persistence/TupleImpl.java,32,125,false
534,openjpa-tools/openjpa-fetch-statistics/src/main/java/org/apache/openjpa/enhance/stats/FetchStatisticsAuxEnhancer.java,32,119,false
535,openjpa-examples/openbooks/src/main/java/openbook/tools/ant/Java2HTMLConverterTask.java,31,239,false
536,openjpa-jdbc/src/main/java/org/apache/openjpa/jdbc/meta/strats/MaxEmbeddedByteArrayFieldStrategy.java,31,114,false
537,openjpa-kernel/src/main/java/org/apache/openjpa/conf/DetachOptions.java,31,199,false
538,openjpa-kernel/src/main/java/org/apache/openjpa/ee/WASManagedRuntime.java,31,375,false
539,openjpa-kernel/src/main/java/org/apache/openjpa/meta/NonPersistentMetaData.java,31,161,false
540,openjpa-kernel/src/main/java/org/apache/openjpa/validation/ValidatingLifecycleEventManager.java,31,163,false
541,openjpa-kernel/src/main/jjtree/org/apache/openjpa/kernel/jpql/ParseException.java,31,178,false
542,openjpa-lib/src/main/java/org/apache/openjpa/lib/jdbc/DataSourceLogs.java,31,148,false
543,openjpa-persistence-jdbc/src/main/java/org/apache/openjpa/persistence/jdbc/JDBCPersistenceProductDerivation.java,31,148,false
544,openjpa-slice/src/main/java/org/apache/openjpa/slice/SliceImplHelper.java,31,115,false
545,openjpa-slice/src/main/java/org/apache/openjpa/slice/jdbc/DistributedJDBCBrokerFactory.java,31,136,false
546,openjpa-tools/openjpa-fetch-statistics/src/main/java/org/apache/openjpa/enhance/stats/FetchStatsCollector.java,31,151,false
547,openjpa-tools/openjpa-maven-plugin/src/main/java/org/apache/openjpa/tools/maven/AbstractOpenJpaMojo.java,31,426,false
548,openjpa-examples/openbooks/src/main/java/openbook/client/DeliveryPage.java,30,167,false
549,openjpa-examples/openbooks/src/main/java/openbook/client/SourceCodeBrowser.java,30,129,false
550,openjpa-examples/openbooks/src/main/java/openbook/tools/util/URIUtils.java,30,149,false
551,openjpa-examples/opentrader/src/main/java/org/apache/openjpa/trader/service/PersistenceService.java,30,216,false
552,openjpa-examples/simple/src/main/java/reversemapping/Main.java,30,120,false
553,openjpa-jdbc/src/main/java/org/apache/openjpa/jdbc/kernel/exps/EqualExpression.java,30,107,false
554,openjpa-jdbc/src/main/java/org/apache/openjpa/jdbc/meta/strats/CharArrayStreamValueHandler.java,30,100,false
555,openjpa-jdbc/src/main/java/org/apache/openjpa/jdbc/sql/PointbaseDictionary.java,30,144,false
556,openjpa-jest/src/main/java/org/apache/openjpa/persistence/jest/PrototypeFactory.java,30,126,false
557,openjpa-lib/src/main/java/org/apache/openjpa/lib/util/SimpleRegex.java,30,144,false
558,openjpa-persistence/src/main/java/org/apache/openjpa/persistence/criteria/FetchPathImpl.java,30,126,false
559,openjpa-jdbc/src/main/java/org/apache/openjpa/jdbc/ant/SchemaToolTask.java,28,162,false
560,openjpa-jdbc/src/main/java/org/apache/openjpa/jdbc/kernel/exps/Variable.java,28,208,false
561,openjpa-jdbc/src/main/java/org/apache/openjpa/jdbc/meta/JDBCRelatedFieldOrder.java,28,116,false
562,openjpa-jdbc/src/main/java/org/apache/openjpa/jdbc/meta/strats/MaxEmbeddedClobFieldStrategy.java,28,101,false
563,openjpa-kernel/src/main/java/org/apache/openjpa/kernel/PNewState.java,28,115,false
564,openjpa-lib/src/main/java/org/apache/openjpa/lib/util/ReferenceHashMap.java,28,160,false
565,openjpa-persistence-jdbc/src/main/java/org/apache/openjpa/persistence/jdbc/IsolationLevel.java,28,108,false
566,openjpa-persistence/src/main/java/org/apache/openjpa/persistence/validation/ValidationUtils.java,28,150,false
567,openjpa-examples/openbooks/src/main/java/jpa/tools/swing/IndexedMap.java,27,137,false
568,openjpa-examples/opentrader/src/main/java/org/apache/openjpa/trader/domain/Trade.java,27,132,false
569,openjpa-jdbc/src/main/java/org/apache/openjpa/jdbc/kernel/SQLProjectionResultObjectProvider.java,27,139,false
570,openjpa-jdbc/src/main/java/org/apache/openjpa/jdbc/kernel/XROP.java,27,207,false
571,openjpa-jdbc/src/main/java/org/apache/openjpa/jdbc/kernel/exps/CompareExpression.java,27,111,false
572,openjpa-jdbc/src/main/java/org/apache/openjpa/jdbc/sql/AbstractSQLServerDictionary.java,27,144,false
573,openjpa-jdbc/src/main/java/org/apache/openjpa/jdbc/sql/DerbyDictionary.java,27,236,false
574,openjpa-kernel/src/main/java/org/apache/openjpa/kernel/DelegatingSeq.java,27,140,false
575,openjpa-kernel/src/main/java/org/apache/openjpa/util/ArrayStateImage.java,27,105,false
576,openjpa-kernel/src/main/java/org/apache/openjpa/util/StoreFacadeTypeRegistry.java,27,117,false
577,openjpa-lib/src/main/java/org/apache/openjpa/lib/conf/StringListValue.java,27,150,false
578,openjpa-persistence-jdbc/src/main/java/org/apache/openjpa/persistence/jdbc/JDBCFetchPlan.java,27,251,false
579,openjpa-persistence/src/main/java/org/apache/openjpa/persistence/criteria/ExpressionImpl.java,27,136,false
580,openjpa-persistence/src/main/java/org/apache/openjpa/persistence/criteria/SelectionImpl.java,27,158,false
581,openjpa-examples/openbooks/src/main/java/jpa/tools/swing/RoundButton.java,26,101,false
582,openjpa-examples/openbooks/src/main/java/openbook/domain/Book.java,26,158,false
583,openjpa-examples/openbooks/src/main/java/openbook/domain/ShoppingCart.java,26,138,false
584,openjpa-examples/openbooks/src/main/java/openbook/util/JSPUtility.java,26,104,false
585,openjpa-examples/opentrader/src/main/java/org/apache/openjpa/trader/client/MatchWindow.java,26,158,false
586,openjpa-examples/opentrader/src/main/java/org/apache/openjpa/trader/client/ui/ErrorDialog.java,26,120,false
587,openjpa-jdbc/src/main/java/org/apache/openjpa/jdbc/kernel/SelectResultObjectProvider.java,26,165,false
588,openjpa-kernel/src/main/java/org/apache/openjpa/event/TransactionEvent.java,26,159,false
589,openjpa-kernel/src/main/java/org/apache/openjpa/instrumentation/jmx/JMXProvider.java,26,191,false
590,openjpa-kernel/src/main/java/org/apache/openjpa/kernel/DelegatingExtent.java,26,197,false
591,openjpa-kernel/src/main/java/org/apache/openjpa/kernel/FetchConfiguration.java,26,482,false
592,openjpa-kernel/src/main/java/org/apache/openjpa/kernel/PDirtyState.java,26,114,false
593,openjpa-kernel/src/main/java/org/apache/openjpa/kernel/QueryHints.java,26,111,false
594,openjpa-kernel/src/main/java/org/apache/openjpa/kernel/exps/Aggregate.java,26,106,false
595,openjpa-kernel/src/main/java/org/apache/openjpa/util/CollectionChangeTrackerImpl.java,26,132,false
596,openjpa-lib/src/main/java/org/apache/openjpa/lib/rop/SimpleResultList.java,26,118,false
597,openjpa-lib/src/main/java/org/apache/openjpa/lib/util/collections/DualTreeBidiMap.java,26,411,false
598,openjpa-persistence/src/main/java/org/apache/openjpa/persistence/FetchPlan.java,26,393,false
599,openjpa-examples/opentrader/src/main/java/org/apache/openjpa/trader/domain/Tradable.java,25,226,false
600,openjpa-kernel/src/main/java/org/apache/openjpa/conf/RemoteCommitProviderValue.java,25,142,false
601,openjpa-kernel/src/main/java/org/apache/openjpa/datacache/ConcurrentDataCache.java,25,193,false
602,openjpa-kernel/src/main/java/org/apache/openjpa/kernel/Audited.java,25,123,false
603,openjpa-kernel/src/main/java/org/apache/openjpa/kernel/PDeletedState.java,25,112,false
604,openjpa-kernel/src/main/java/org/apache/openjpa/kernel/StoreContext.java,25,552,false
605,openjpa-kernel/src/main/java/org/apache/openjpa/kernel/TransferFieldManager.java,25,155,false
606,openjpa-kernel/src/main/java/org/apache/openjpa/meta/MultiQueryMetaData.java,25,190,false
607,openjpa-kernel/src/main/java/org/apache/openjpa/util/asm/EnhancementProject.java,25,138,false
608,openjpa-lib/src/main/java/org/apache/openjpa/lib/rop/RangeResultObjectProvider.java,25,145,false
609,openjpa-persistence/src/main/java/org/apache/openjpa/persistence/QueryResultCacheImpl.java,25,114,false
610,openjpa-tools/openjpa-maven-plugin/src/main/java/org/apache/openjpa/tools/maven/AbstractOpenJpaMappingToolMojo.java,25,180,false
611,openjpa-examples/openbooks/src/main/java/openbook/server/PersistenceService.java,24,186,false
612,openjpa-jdbc/src/main/java/org/apache/openjpa/jdbc/kernel/exps/NotContainsExpression.java,24,105,false
613,openjpa-jdbc/src/main/java/org/apache/openjpa/jdbc/meta/strats/ClassNameDiscriminatorStrategy.java,24,137,false
614,openjpa-kernel/src/main/java/org/apache/openjpa/datacache/ConcurrentQueryCache.java,24,180,false
615,openjpa-kernel/src/main/java/org/apache/openjpa/event/BeanLifecycleCallbacks.java,24,103,false
616,openjpa-kernel/src/main/java/org/apache/openjpa/kernel/OpenJPASavepoint.java,24,124,false
617,openjpa-slice/src/main/java/org/apache/openjpa/slice/jdbc/TargetFetchConfiguration.java,24,112,false
618,openjpa-examples/openbooks/src/main/java/openbook/tools/converter/ParseTokenListener.java,23,136,false
619,openjpa-jdbc/src/main/java/org/apache/openjpa/jdbc/kernel/GenericResultObjectProvider.java,23,137,false
620,openjpa-jdbc/src/main/java/org/apache/openjpa/jdbc/meta/RuntimeStrategyInstaller.java,23,119,false
621,openjpa-jdbc/src/main/java/org/apache/openjpa/jdbc/meta/strats/RelationCollectionInverseKeyFieldStrategy.java,23,108,false
622,openjpa-kernel/src/main/java/org/apache/openjpa/kernel/PNewFlushedDeletedState.java,23,112,false
623,openjpa-kernel/src/main/java/org/apache/openjpa/meta/ValueStrategies.java,23,165,false
624,openjpa-kernel/src/main/java/org/apache/openjpa/meta/XMLClassMetaData.java,23,143,false
625,openjpa-kernel/src/main/java/org/apache/openjpa/util/OpenJPAId.java,23,155,false
626,openjpa-slice/src/main/java/org/apache/openjpa/slice/SliceInfo.java,23,113,false
627,openjpa-examples/openbooks/src/main/java/openbook/domain/LineItem.java,22,147,false
628,openjpa-examples/openbooks/src/main/java/openbook/domain/PurchaseOrder.java,22,226,false
629,openjpa-jdbc/src/main/java/org/apache/openjpa/jdbc/kernel/exps/FilterValueImpl.java,22,133,false
630,openjpa-jdbc/src/main/java/org/apache/openjpa/jdbc/kernel/exps/WhenCondition.java,22,100,false
631,openjpa-jdbc/src/main/java/org/apache/openjpa/jdbc/meta/strats/MultiColumnVersionStrategy.java,22,116,false
632,openjpa-kernel/src/main/java/org/apache/openjpa/event/LogOrphanedKeyAction.java,22,110,false
633,openjpa-kernel/src/main/java/org/apache/openjpa/kernel/EDirtyState.java,22,109,false
634,openjpa-kernel/src/main/java/org/apache/openjpa/kernel/PNewDeletedState.java,22,109,false
635,openjpa-kernel/src/main/java/org/apache/openjpa/kernel/exps/AggregateVal.java,22,102,false
636,openjpa-kernel/src/main/java/org/apache/openjpa/kernel/exps/ExpressionFactory.java,22,554,false
637,openjpa-kernel/src/main/java/org/apache/openjpa/kernel/exps/ExtractDateTimeField.java,22,100,false
638,openjpa-lib/src/main/java/org/apache/openjpa/lib/conf/ObjectValue.java,22,158,false
639,openjpa-lib/src/main/java/org/apache/openjpa/lib/xml/XMLFactory.java,22,133,false
640,openjpa-examples/openbooks/src/main/java/jpa/tools/swing/SourceCodeViewer.java,21,128,false
641,openjpa-examples/openbooks/src/main/java/openbook/client/SupplyPage.java,21,140,false
642,openjpa-jdbc/src/main/java/org/apache/openjpa/jdbc/kernel/exps/Count.java,21,102,false
643,openjpa-jdbc/src/main/java/org/apache/openjpa/jdbc/meta/RefreshStrategyInstaller.java,21,145,false
644,openjpa-kernel/src/main/java/org/apache/openjpa/datacache/TypeBasedCacheDistributionPolicy.java,21,102,false
645,openjpa-kernel/src/main/java/org/apache/openjpa/event/AbstractLifecycleListener.java,21,126,false
646,openjpa-kernel/src/main/java/org/apache/openjpa/kernel/PNewProvisionalState.java,21,112,false
647,openjpa-kernel/src/main/java/org/apache/openjpa/meta/XMLFieldMetaData.java,21,141,false
648,openjpa-lib/src/main/java/org/apache/openjpa/lib/log/Log.java,21,130,false
649,openjpa-lib/src/main/java/org/apache/openjpa/lib/util/concurrent/AbstractConcurrentEventManager.java,21,153,false
650,openjpa-jdbc/src/main/java/org/apache/openjpa/jdbc/kernel/exps/AbstractVal.java,20,142,false
651,openjpa-kernel/src/main/java/org/apache/openjpa/conf/OpenJPAVersion.java,20,148,false
652,openjpa-kernel/src/main/java/org/apache/openjpa/enhance/ClassRedefiner.java,20,113,false
653,openjpa-kernel/src/main/java/org/apache/openjpa/kernel/AbstractPCResultObjectProvider.java,20,182,false
654,openjpa-lib/src/main/java/org/apache/openjpa/lib/log/JULLogFactory.java,20,158,false
655,openjpa-lib/src/main/java/org/apache/openjpa/lib/rop/ResultObjectProviderIterator.java,20,115,false
656,openjpa-persistence/src/main/java/org/apache/openjpa/persistence/OpenJPAQuery.java,20,284,false
657,openjpa-persistence/src/main/java/org/apache/openjpa/persistence/meta/Types.java,20,259,false
658,openjpa-kernel/src/main/java/org/apache/openjpa/ee/OSGiManagedRuntime.java,19,178,false
659,openjpa-kernel/src/main/java/org/apache/openjpa/enhance/PCEnhancerAgent.java,19,192,false
660,openjpa-kernel/src/main/java/org/apache/openjpa/kernel/ECopyState.java,19,100,false
661,openjpa-kernel/src/main/java/org/apache/openjpa/kernel/PCleanState.java,19,106,false
662,openjpa-kernel/src/main/java/org/apache/openjpa/util/LockException.java,19,104,false
663,openjpa-lib/src/main/java/org/apache/openjpa/lib/rop/ListResultList.java,19,150,false
664,openjpa-persistence/src/main/java/org/apache/openjpa/persistence/ParameterImpl.java,19,120,false
665,openjpa-persistence/src/main/java/org/apache/openjpa/persistence/criteria/ComparisonStyle.java,19,185,false
666,openjpa-examples/opentrader/src/main/java/org/apache/openjpa/trader/client/TradingServiceAdapter.java,18,108,false
667,openjpa-examples/opentrader/src/main/java/org/apache/openjpa/trader/client/event/ServiceEvent.java,18,134,false
668,openjpa-examples/simple/src/main/java/relations/Deity.java,18,200,false
669,openjpa-jdbc/src/main/java/org/apache/openjpa/jdbc/kernel/AbstractJDBCSavepointManager.java,18,155,false
670,openjpa-jdbc/src/main/java/org/apache/openjpa/jdbc/schema/Index.java,18,105,false
671,openjpa-jdbc/src/main/java/org/apache/openjpa/jdbc/schema/NameSet.java,18,113,false
672,openjpa-jest/src/main/java/org/apache/openjpa/persistence/jest/FindCommand.java,18,100,false
673,openjpa-lib/src/main/java/org/apache/openjpa/lib/jdbc/ReportingSQLException.java,18,110,false
674,openjpa-lib/src/main/java/org/apache/openjpa/lib/meta/ClassAnnotationMetaDataFilter.java,18,103,false
675,openjpa-lib/src/main/java/org/apache/openjpa/lib/util/collections/ListIteratorWrapper.java,18,269,false
676,openjpa-persistence/src/main/java/org/apache/openjpa/persistence/query/AbstractPath.java,18,142,false
677,openjpa-examples/opentrader/src/main/java/org/apache/openjpa/trader/domain/Stock.java,17,124,false
678,openjpa-jdbc/src/main/java/org/apache/openjpa/jdbc/sql/InterbaseDictionary.java,17,140,false
679,openjpa-jdbc/src/main/java/org/apache/openjpa/jdbc/sql/JDataStoreDictionary.java,17,119,false
680,openjpa-jest/src/main/java/org/apache/openjpa/persistence/jest/QueryCommand.java,17,104,false
681,openjpa-kernel/src/main/java/org/apache/openjpa/event/DynamicTCPRemoteCommitProvider.java,17,123,false
682,openjpa-kernel/src/main/java/org/apache/openjpa/kernel/ECleanState.java,17,104,false
683,openjpa-kernel/src/main/java/org/apache/openjpa/meta/AbstractMetaDataFactory.java,17,132,false
684,openjpa-lib/src/main/java/org/apache/openjpa/lib/jdbc/DecoratingDataSource.java,17,104,false
685,openjpa-lib/src/main/java/org/apache/openjpa/lib/log/NoneLogFactory.java,17,111,false
686,openjpa-lib/src/main/java/org/apache/openjpa/lib/meta/MetaDataIteratorChain.java,17,113,false
687,openjpa-lib/src/main/java/org/apache/openjpa/lib/meta/ResourceMetaDataIterator.java,17,117,false
688,openjpa-lib/src/main/java/org/apache/openjpa/lib/util/OrderedMap.java,17,133,false
689,openjpa-persistence/src/main/java/org/apache/openjpa/persistence/ArgumentException.java,17,127,false
690,openjpa-persistence/src/main/java/org/apache/openjpa/persistence/ExtentImpl.java,17,130,false
691,openjpa-persistence/src/main/java/org/apache/openjpa/persistence/InvalidStateException.java,17,128,false
692,openjpa-persistence/src/main/java/org/apache/openjpa/persistence/TransactionRequiredException.java,17,128,false
693,openjpa-examples/opentrader/src/main/java/org/apache/openjpa/trader/client/MarketDataPanel.java,16,165,false
694,openjpa-examples/opentrader/src/main/java/org/apache/openjpa/trader/client/TradeHistoryPanel.java,16,111,false
695,openjpa-kernel/src/main/java/org/apache/openjpa/event/LifecycleEvent.java,16,220,false
696,openjpa-lib/src/main/java/org/apache/openjpa/lib/jdbc/AbstractJDBCListener.java,16,104,false
697,openjpa-lib/src/main/java/org/apache/openjpa/lib/util/ReferenceHashSet.java,16,141,false
698,openjpa-lib/src/main/java/org/apache/openjpa/lib/util/concurrent/ConcurrentReferenceHashSet.java,16,135,false
699,openjpa-persistence/src/main/java/org/apache/openjpa/persistence/EntityExistsException.java,16,122,false
700,openjpa-persistence/src/main/java/org/apache/openjpa/persistence/EntityNotFoundException.java,16,122,false
701,openjpa-persistence/src/main/java/org/apache/openjpa/persistence/NoResultException.java,16,122,false
702,openjpa-persistence/src/main/java/org/apache/openjpa/persistence/NonUniqueResultException.java,16,122,false
703,openjpa-persistence/src/main/java/org/apache/openjpa/persistence/OptimisticLockException.java,16,122,false
704,openjpa-persistence/src/main/java/org/apache/openjpa/persistence/PersistenceException.java,16,121,false
705,openjpa-persistence/src/main/java/org/apache/openjpa/persistence/QueryTimeoutException.java,16,125,false
706,openjpa-examples/jest/src/main/java/demo/Actor.java,15,110,false
707,openjpa-examples/openbooks/src/main/java/openbook/domain/Inventory.java,15,130,false
708,openjpa-jdbc/src/main/java/org/apache/openjpa/jdbc/sql/Row.java,15,523,false
709,openjpa-kernel/src/main/java/org/apache/openjpa/kernel/StoreManager.java,15,434,false
710,openjpa-jdbc/src/main/java/org/apache/openjpa/jdbc/schema/FileSchemaFactory.java,14,113,false
711,openjpa-kernel/src/main/java/org/apache/openjpa/ant/ApplicationIdToolTask.java,14,114,false
712,openjpa-kernel/src/main/java/org/apache/openjpa/conf/SpecificationPlugin.java,14,118,false
713,openjpa-kernel/src/main/java/org/apache/openjpa/ee/AbstractManagedRuntime.java,14,109,false
714,openjpa-kernel/src/main/java/org/apache/openjpa/instrumentation/InstrumentationManagerImpl.java,14,110,false
715,openjpa-persistence/src/main/java/org/apache/openjpa/persistence/LockTimeoutException.java,14,118,false
716,openjpa-persistence/src/main/java/org/apache/openjpa/persistence/PessimisticLockException.java,14,120,false
717,openjpa-jdbc/src/main/java/org/apache/openjpa/jdbc/kernel/JDBCFetchConfiguration.java,13,264,false
718,openjpa-jdbc/src/main/java/org/apache/openjpa/jdbc/sql/Select.java,13,771,false
719,openjpa-kernel/src/main/java/org/apache/openjpa/kernel/QueryContext.java,13,302,false
720,openjpa-lib/src/main/java/org/apache/openjpa/lib/util/LRUMap.java,13,104,false
721,openjpa-tools/openjpa-maven-plugin/src/main/java/org/apache/openjpa/tools/maven/AbstractOpenJpaEnhancerMojo.java,13,139,false
722,openjpa-examples/opentrader/src/main/java/org/apache/openjpa/trader/service/TradingService.java,12,163,false
723,openjpa-jdbc/src/main/java/org/apache/openjpa/jdbc/meta/Strategy.java,12,136,false
724,openjpa-lib/src/main/java/org/apache/openjpa/lib/conf/AbstractProductDerivation.java,12,108,false
725,openjpa-lib/src/main/java/org/apache/openjpa/lib/jdbc/JDBCEvent.java,12,163,false
726,openjpa-lib/src/main/java/org/apache/openjpa/lib/rop/AbstractResultList.java,12,109,false
727,openjpa-persistence-jdbc/src/main/java/org/apache/openjpa/persistence/jdbc/MappingTag.java,12,118,false
728,openjpa-persistence/src/main/java/org/apache/openjpa/persistence/RollbackException.java,12,120,false
729,openjpa-jdbc/src/main/java/org/apache/openjpa/jdbc/meta/FieldStrategy.java,11,257,false
730,openjpa-kernel/src/main/java/org/apache/openjpa/datacache/DataCache.java,11,312,false
731,openjpa-kernel/src/main/java/org/apache/openjpa/kernel/PreparedQueryCache.java,11,241,false
732,openjpa-lib/src/main/java/org/apache/openjpa/lib/util/collections/LinkedMap.java,11,321,false
733,openjpa-persistence/src/main/java/org/apache/openjpa/persistence/criteria/CriteriaExpressionVisitor.java,11,110,false
734,openjpa-examples/opentrader/src/main/java/org/apache/openjpa/trader/client/LoginDialog.java,10,155,false
735,openjpa-kernel/src/main/java/org/apache/openjpa/ee/RegistryManagedRuntime.java,10,224,false
736,openjpa-kernel/src/main/java/org/apache/openjpa/instrumentation/jmx/DataCacheJMXInstrument.java,10,103,false
737,openjpa-kernel/src/main/java/org/apache/openjpa/kernel/Query.java,10,193,false
738,openjpa-persistence/src/main/java/org/apache/openjpa/persistence/query/Expression.java,10,524,false
739,openjpa-persistence/src/main/java/org/apache/openjpa/persistence/query/QueryDefinition.java,10,562,false
740,openjpa-slice/src/main/java/org/apache/openjpa/slice/Slice.java,10,105,false
741,openjpa-jdbc/src/main/java/org/apache/openjpa/jdbc/meta/JDBCColumnOrder.java,9,101,false
742,openjpa-jdbc/src/main/java/org/apache/openjpa/jdbc/meta/ValueHandler.java,9,104,false
743,openjpa-jdbc/src/main/java/org/apache/openjpa/jdbc/sql/AbstractDB2Dictionary.java,9,118,false
744,openjpa-kernel/src/main/java/org/apache/openjpa/ee/InvocationManagedRuntime.java,9,101,false
745,openjpa-lib/src/main/java/org/apache/openjpa/lib/identifier/IdentifierUtil.java,9,326,false
746,openjpa-lib/src/main/java/org/apache/openjpa/lib/util/collections/AbstractMapDecorator.java,9,156,false
747,openjpa-lib/src/main/java/org/apache/openjpa/lib/util/collections/ComparatorChain.java,9,352,false
748,openjpa-lib/src/main/java/org/apache/openjpa/lib/util/collections/IteratorChain.java,9,280,false
749,openjpa-jdbc/src/main/java/org/apache/openjpa/jdbc/meta/strats/AbstractDiscriminatorStrategy.java,8,105,false
750,openjpa-jdbc/src/main/java/org/apache/openjpa/jdbc/sql/Joins.java,8,104,false
751,openjpa-lib/src/main/java/org/apache/openjpa/lib/conf/Configuration.java,8,273,false
752,openjpa-lib/src/main/java/org/apache/openjpa/lib/conf/ProductDerivation.java,8,171,false
753,openjpa-jdbc/src/main/java/org/apache/openjpa/jdbc/sql/Result.java,7,647,false
754,openjpa-kernel/src/main/java/org/apache/openjpa/datacache/CacheStatistics.java,7,171,false
755,openjpa-kernel/src/main/java/org/apache/openjpa/meta/MetaDataFactory.java,7,188,false
756,openjpa-lib/src/main/java/org/apache/openjpa/lib/util/collections/AbstractCollectionDecorator.java,7,189,false
757,openjpa-lib/src/main/java/org/apache/openjpa/lib/util/collections/MapBackedSet.java,7,177,false
758,openjpa-jdbc/src/main/java/org/apache/openjpa/jdbc/identifier/DBIdentifierUtil.java,6,196,false
759,openjpa-jdbc/src/main/java/org/apache/openjpa/jdbc/meta/ValueMapping.java,6,286,false
760,openjpa-jest/src/main/java/org/apache/openjpa/persistence/jest/JESTCommand.java,6,136,false
761,openjpa-kernel/src/main/java/org/apache/openjpa/datacache/QueryCache.java,6,146,false
762,openjpa-kernel/src/main/java/org/apache/openjpa/kernel/PCData.java,6,112,false
763,openjpa-kernel/src/main/java/org/apache/openjpa/meta/NoneMetaDataFactory.java,6,221,false
764,openjpa-kernel/src/main/java/org/apache/openjpa/util/ClassLoaderProxyService.java,6,168,false
765,openjpa-kernel/src/main/java/org/apache/openjpa/util/ProxyManager.java,6,127,false
766,openjpa-jdbc/src/main/java/org/apache/openjpa/jdbc/conf/JDBCConfiguration.java,5,632,false
767,openjpa-jdbc/src/main/java/org/apache/openjpa/jdbc/meta/strats/LRSMapFieldStrategy.java,5,152,false
768,openjpa-kernel/src/main/java/org/apache/openjpa/kernel/LockManager.java,5,118,false
769,openjpa-lib/src/main/java/org/apache/openjpa/lib/util/collections/DualHashBidiMap.java,5,109,false
770,openjpa-lib/src/main/java/org/apache/openjpa/lib/util/collections/EntrySetToMapIteratorAdapter.java,5,119,false
771,openjpa-lib/src/main/java/org/apache/openjpa/lib/util/collections/UnmodifiableCollection.java,5,118,false
772,openjpa-lib/src/main/java/org/apache/openjpa/lib/util/collections/UnmodifiableOrderedMap.java,5,149,false
773,openjpa-persistence/src/main/java/org/apache/openjpa/persistence/OpenJPAEntityManagerFactory.java,5,149,false
774,openjpa-persistence/src/main/java/org/apache/openjpa/persistence/StoreCache.java,5,116,false
775,openjpa-jest/src/main/java/org/apache/openjpa/persistence/jest/ObjectFormatter.java,4,106,false
776,openjpa-kernel/src/main/java/org/apache/openjpa/kernel/BrokerFactory.java,4,164,false
777,openjpa-kernel/src/main/java/org/apache/openjpa/kernel/OpenJPAStateManager.java,4,529,false
778,openjpa-kernel/src/main/java/org/apache/openjpa/kernel/PreparedQuery.java,4,112,false
779,openjpa-lib/src/main/java/org/apache/openjpa/lib/util/collections/FilterIterator.java,4,184,false
780,openjpa-lib/src/main/java/org/apache/openjpa/lib/util/collections/ReferenceIdentityMap.java,4,255,false
781,openjpa-lib/src/main/java/org/apache/openjpa/lib/util/collections/UnmodifiableEntrySet.java,4,190,false
782,openjpa-persistence/src/main/java/org/apache/openjpa/persistence/query/PredicateOperand.java,4,588,false
783,openjpa-tools/openjpa-maven-plugin/src/main/java/org/apache/openjpa/tools/maven/OpenJpaSqlMojo.java,4,111,false
784,openjpa-jdbc/src/main/java/org/apache/openjpa/jdbc/kernel/exps/Val.java,3,195,false
785,openjpa-jdbc/src/main/java/org/apache/openjpa/jdbc/meta/ClassStrategy.java,3,115,false
786,openjpa-jdbc/src/main/java/org/apache/openjpa/jdbc/schema/DriverDataSource.java,3,113,false
787,openjpa-kernel/src/main/java/org/apache/openjpa/datacache/DataCacheManager.java,3,122,false
788,openjpa-kernel/src/main/java/org/apache/openjpa/instrumentation/DataCacheInstrument.java,3,142,false
789,openjpa-examples/openbooks/src/main/java/openbook/server/OpenBookService.java,2,180,false
790,openjpa-jdbc/src/main/java/org/apache/openjpa/jdbc/kernel/JDBCStore.java,2,107,false
791,openjpa-jdbc/src/main/java/org/apache/openjpa/jdbc/sql/SelectExecutor.java,2,154,false
792,openjpa-kernel/src/main/java/org/apache/openjpa/kernel/AbstractFieldManager.java,2,132,false
793,openjpa-lib/src/main/java/org/apache/openjpa/lib/util/collections/ComparableComparator.java,2,131,false
794,openjpa-lib/src/main/java/org/apache/openjpa/lib/util/collections/UnmodifiableList.java,2,154,false
795,openjpa-lib/src/main/java/org/apache/openjpa/lib/util/collections/UnmodifiableListIterator.java,2,112,false
796,openjpa-lib/src/main/java/org/apache/openjpa/lib/util/collections/UnmodifiableOrderedMapIterator.java,2,111,false
797,openjpa-jdbc/src/main/java/org/apache/openjpa/jdbc/meta/ReverseCustomizer.java,1,163,false
798,openjpa-kernel/src/main/java/org/apache/openjpa/kernel/FinderCache.java,1,144,false
799,openjpa-kernel/src/main/java/org/apache/openjpa/meta/ValueMetaData.java,1,336,false
800,openjpa-kernel/src/main/java/org/apache/openjpa/meta/XMLMetaData.java,1,122,false
801,openjpa-lib/src/main/java/org/apache/openjpa/lib/instrumentation/InstrumentationProvider.java,1,168,false
802,openjpa-lib/src/main/java/org/apache/openjpa/lib/util/collections/AbstractListDecorator.java,1,128,false
803,openjpa-lib/src/main/java/org/apache/openjpa/lib/util/collections/AbstractSortedMapDecorator.java,1,169,false
804,openjpa-lib/src/main/java/org/apache/openjpa/lib/util/collections/MapIterator.java,1,114,false
805,openjpa-lib/src/main/java/org/apache/openjpa/lib/util/collections/ReferenceMap.java,1,200,false
806,openjpa-lib/src/main/java/org/apache/openjpa/lib/util/collections/UnmodifiableSet.java,1,117,false
807,openjpa-persistence/src/main/java/org/apache/openjpa/persistence/OpenJPAEntityManagerSPI.java,1,126,false
808,openjpa-persistence/src/main/java/org/apache/openjpa/persistence/query/CaseExpression.java,1,299,false
809,openjpa-persistence/src/main/java/org/apache/openjpa/persistence/query/PathExpression.java,1,117,false
810,openjpa-examples/openbooks/src/main/java/openbook/tools/converter/TokenRenderer.java,0,103,false
811,openjpa-jdbc/src/main/java/org/apache/openjpa/jdbc/kernel/exps/FilterValue.java,0,125,false
812,openjpa-kernel/src/main/java/org/apache/openjpa/enhance/DynamicStorage.java,0,140,false
813,openjpa-kernel/src/main/java/org/apache/openjpa/instrumentation/QueryCacheInstrument.java,0,110,false
814,openjpa-kernel/src/main/java/org/apache/openjpa/meta/MetaDataDefaults.java,0,148,false
815,openjpa-lib/src/main/java/org/apache/openjpa/lib/instrumentation/Instrument.java,0,111,false
816,openjpa-lib/src/main/java/org/apache/openjpa/lib/util/collections/BidiMap.java,0,155,false
817,openjpa-persistence/src/main/java/org/apache/openjpa/persistence/criteria/OpenJPACriteriaBuilder.java,0,116,true
818,openjpa-persistence/src/main/java/org/apache/openjpa/persistence/query/DomainObject.java,0,127,false
819,openjpa-slice/src/main/java/org/apache/openjpa/slice/DistributedConfiguration.java,0,179,false
